nombre,genero
Aaron,M
Abel,M
Abraham,M
Adalberto,M
Adan,M
Adolfo,M
Adrian,M
Agustin,M
Alan,M
Alberto,M
Aldo,M
Alejandro,M
Alex,M
Alexander,M
Alexis,M
Alfonso,M
Alfredo,M
Alonso,M
Alvaro,M
Amadeo,M
Amador,M
Ambrosio,M
Amilcar,M
Anibal,M
Andres,M
Angel,M
Antonio,M
Apolinario,M
Aquiles,M
Aristides,M
Armando,M
Arnaldo,M
Arnoldo,M
Arsenio,M
Arturo,M
Atilio,M
Augusto,M
Aurelio,M
Baltasar,M
Bastian,M
Bautista,M
Belisario,M
Benedicto,M
Benigno,M
Benito,M
Benjamin,M
Bernardo,M
Bernabe,M
Bernardino,M
Bonifacio,M
Boris,M
Braulio,M
Bruno,M
Camilo,M
Carlos,M
Cayetano,M
Cesar,M
Cipriano,M
Ciro,M
Claudio,M
Clemente,M
Conrado,M
Constantino,M
Cornelio,M
Cosme,M
Cristian,M
Cristobal,M
Crisanto,M
Damian,M
Daniel,M
Dante,M
Dario,M
David,M
Demetrio,M
Diego,M
Dionisio,M
Domingo,M
Donato,M
Eduardo,M
Efrain,M
Elias,M
Eliseo,M
Eloy,M
Emanuel,M
Emiliano,M
Emilio,M
Enrique,M
Enzo,M
Erasmo,M
Eric,M
Erick,M
Ernesto,M
Esteban,M
Ezequiel,M
Eugenio,M
Eusebio,M
Eustaquio,M
Evaristo,M
Ezequiel,M
Fabian,M
Fabricio,M
Facundo,M
Faustino,M
Federico,M
Feliciano,M
Felipe,M
Felix,M
Fermin,M
Fernando,M
Fidel,M
Filemon,M
Florencio,M
Francisco,M
Franco,M
Franklin,M
Gabriel,M
Galo,M
Gaspar,M
Gastón,M
Gaston,M
Genaro,M
Geraldo,M
Gerardo,M
German,M
Gilberto,M
Gines,M
Giorgio,M
Gonzalo,M
Gregorio,M
Guido,M
Guillermo,M
Gustavo,M
Hector,M
Helio,M
Heriberto,M
Hernan,M
Hilario,M
Hipolito,M
Homero,M
Honorio,M
Horacio,M
Hugo,M
Humberto,M
Ian,M
Ignacio,M
Igor,M
Ildefonso,M
Indalecio,M
Inocencio,M
Isaac,M
Isaias,M
Isidoro,M
Isidro,M
Ismael,M
Israel,M
Ivan,M
Jacinto,M
Jacobo,M
Jaime,M
Javier,M
Jeremias,M
Jeronimo,M
Jesus,M
Joaquin,M
Joel,M
Jonas,M
Jonatan,M
Jonathan,M
Jorge,M
Jose,M
Joshua,M
Juan,M
Julian,M
Julio,M
Justino,M
Justo,M
Kevin,M
Lautaro,M
Leandro,M
Leon,M
Leonardo,M
Leonel,M
Leoncio,M
Leopoldo,M
Liam,M
Lino,M
Lisandro,M
Lorenzo,M
Lucas,M
Luciano,M
Lucio,M
Ludovico,M
Luis,M
Macario,M
Manuel,M
Marcelino,M
Marcelo,M
Marcial,M
Marciano,M
Marco,M
Marcos,M
Mariano,M
Mario,M
Martin,M
Mateo,M
Matias,M
Mauricio,M
Mauro,M
Maximiliano,M
Maximo,M
Melchor,M
Miguel,M
Milan,M
Modesto,M
Moises,M
Nahuel,M
Napoleon,M
Narciso,M
Natanael,M
Nazareno,M
Nehemias,M
Nelson,M
Nemesio,M
Nestor,M
Nicanor,M
Nicasio,M
Nicodemo,M
Nicolas,M
Norberto,M
Octavio,M
Olegario,M
Omar,M
Onofre,M
Orlando,M
Oscar,M
Osvaldo,M
Otto,M
Pablo,M
Pacifico,M
Pancho,M
Pascual,M
Patricio,M
Paulo,M
Pedro,M
Pelayo,M
Pio,M
Placido,M
Plinio,M
Policarpo,M
Porfirio,M
Primitivo,M
Prudencio,M
Rafael,M
Raimundo,M
Ramiro,M
Ramon,M
Raul,M
Reinaldo,M
Remigio,M
Renato,M
Rene,M
Reynaldo,M
Ricardo,M
Roberto,M
Rodolfo,M
Rodrigo,M
Rogelio,M
Rolando,M
Roman,M
Romulo,M
Ronald,M
Roque,M
Rosalio,M
Ruben,M
Rufino,M
Ruperto,M
Salomon,M
Salvador,M
Samuel,M
Sancho,M
Santiago,M
Santos,M
Saul,M
Sebastian,M
Segundo,M
Serafin,M
Sergio,M
Servando,M
Severino,M
Silverio,M
Silvestre,M
Silvio,M
Simon,M
Sixto,M
Tadeo,M
Teodoro,M
Teofilo,M
Thiago,M
Tiburcio,M
Timoteo,M
Tito,M
Tomas,M
Tristan,M
Ulises,M
Urbano,M
Valentin,M
Valerio,M
Vicente,M
Victor,M
Victoriano,M
Virgilio,M
Vito,M
Vladimir,M
Walter,M
Wenceslao,M
Wilfredo,M
Wilfrido,M
Wilson,M
Wladimir,M
Yago,M
Yamil,M
Yerko,M
Zacarias,M
Abigail,F
Adela,F
Adelaida,F
Adriana,F
Agata,F
Agueda,F
Agustina,F
Aida,F
Alba,F
Aleida,F
Alejandra,F
Alessandra,F
Alexa,F
Alexandra,F
Alfonsina,F
Alicia,F
Alma,F
Alondra,F
Amalia,F
Amanda,F
Amaranta,F
Amelia,F
America,F
Amparo,F
Ana,F
Anabel,F
Anahi,F
Andrea,F
Angela,F
Angelica,F
Angelina,F
Antonela,F
Antonella,F
Antonia,F
Araceli,F
Arantza,F
Ariadna,F
Aurora,F
Azucena,F
Barbara,F
Beatriz,F
Belen,F
Belinda,F
Benita,F
Berenice,F
Bernarda,F
Bernardita,F
Berta,F
Betsabe,F
Bianca,F
Blanca,F
Brenda,F
Brigida,F
Brigitte,F
Britany,F
Brunilda,F
Camila,F
Candelaria,F
Candida,F
Carla,F
Carlota,F
Carmen,F
Carmela,F
Carmelita,F
Carmencita,F
Carolina,F
Casilda,F
Catalina,F
Catherine,F
Cayetana,F
Cecilia,F
Celeste,F
Celia,F
Celina,F
Celsa,F
Cesarina,F
Charlotte,F
Chiara,F
Cintia,F
Cinthya,F
Cinthia,F
Clara,F
Clarisa,F
Claudia,F
Claudina,F
Clementina,F
Cleopatra,F
Clotilde,F
Concepcion,F
Concha,F
Constanza,F
Consuelo,F
Coral,F
Corina,F
Cornelia,F
Cristina,F
Damaris,F
Daniela,F
Daphne,F
Debora,F
Deborah,F
Delfina,F
Delia,F
Diana,F
Dilan,F
Dina,F
Dinora,F
Divina,F
Dolores,F
Dominga,F
Dora,F
Dorotea,F
Edelmira,F
Edith,F
Eduarda,F
Elba,F
Elcira,F
Elena,F
Elia,F
Eliana,F
Elisa,F
Elisabet,F
Elisabeth,F
Eloina,F
Eloisa,F
Elsa,F
Elvira,F
Ema,F
Emiliana,F
Emilia,F
Emma,F
Encarnacion,F
Enriqueta,F
Erika,F
Ernestina,F
Escolastica,F
Esmeralda,F
Esperanza,F
Estefania,F
Estela,F
Ester,F
Esther,F
Estrella,F
Eugenia,F
Eulalia,F
Eva,F
Evangelina,F
Evelyn,F
Fabiana,F
Fabiola,F
Fanny,F
Fatima,F
Federica,F
Felisa,F
Felipa,F
Fernanda,F
Filomena,F
Flavia,F
Flora,F
Florencia,F
Florentina,F
Francisca,F
Gabriela,F
Genoveva,F
Georgina,F
Gertrudis,F
Gimena,F
Gisela,F
Gisselle,F
Gladys,F
Gloria,F
Graciela,F
Greta,F
Griselda,F
Guadalupe,F
Hada,F
Haide,F
Haydee,F
Heidi,F
Helena,F
Herminia,F
Hilda,F
Honoria,F
Hortensia,F
Idalia,F
Idalina,F
Iliana,F
Ines,F
Ingrid,F
Iris,F
Irene,F
Irma,F
Isabel,F
Isadora,F
Isaura,F
Isidora,F
Isolda,F
Itzel,F
Ivana,F
Ivonne,F
Jacinta,F
Jacqueline,F
Jaqueline,F
Jasmine,F
Javiera,F
Jessenia,F
Jessica,F
Jezabel,F
Jimena,F
Joana,F
Joaquina,F
Josefa,F
Josefina,F
Joselyn,F
Josselyn,F
Juana,F
Juanita,F
Judith,F
Julia,F
Juliana,F
Julieta,F
Karen,F
Karina,F
Karla,F
Katerine,F
Katherine,F
Kathy,F
Krishna,F
Krystal,F
Larissa,F
Lara,F
Laura,F
Laureana,F
Leila,F
Leonila,F
Leonor,F
Leonarda,F
Leticia,F
Lia,F
Lidia,F
Lilia,F
Liliana,F
Lina,F
Linda,F
Lisa,F
Lisbeth,F
Liset,F
Loreto,F
Lorena,F
Lorenza,F
Lourdes,F
Luciana,F
Lucia,F
Lucila,F
Lucina,F
Lucrecia,F
Luisa,F
Luna,F
Luz,F
Lya,F
Macarena,F
Magdalena,F
Maite,F
Malena,F
Manuela,F
Mara,F
Marcela,F
Margarita,F
Mariela,F
Maria,F
Mariana,F
Maribel,F
Marina,F
Marisol,F
Marta,F
Martina,F
Matilde,F
Maura,F
Maximina,F
Mayra,F
Melania,F
Melisa,F
Melissa,F
Mercedes,F
Micaela,F
Michelle,F
Miguela,F
Milagros,F
Milena,F
Mireya,F
Miriam,F
Mirta,F
Modesta,F
Monica,F
Monserrat,F
Montserrat,F
Mora,F
Morena,F
Myriam,F
Nadia,F
Nancy,F
Natacha,F
Natalia,F
Natasha,F
Nayeli,F
Nelly,F
Nicole,F
Nieves,F
Nilda,F
Noelia,F
Noemi,F
Nora,F
Norma,F
Nuria,F
Octavia,F
Olga,F
Olivia,F
Ofelia,F
Olimpia,F
Olinda,F
Ondina,F
Orfila,F
Otilia,F
Pamela,F
Paola,F
Pascuala,F
Patricia,F
Paula,F
Paulina,F
Paz,F
Penelope,F
Petra,F
Petronila,F
Pia,F
Piedad,F
Pilar,F
Pia,F
Priscila,F
Priscilla,F
Prudencia,F
Pura,F
Purificacion,F
Rafaela,F
Ramona,F
Raquel,F
Rebeca,F
Regina,F
Remedios,F
Renata,F
Reyna,F
Ricarda,F
Rita,F
Roberta,F
Rocio,F
Romina,F
Rosa,F
Rosalba,F
Rosalia,F
Rosalinda,F
Rosamaria,F
Rosana,F
Rosario,F
Rosaura,F
Rosenda,F
Rosita,F
Roxana,F
Rufina,F
Rut,F
Ruth,F
Sabina,F
Sabrina,F
Salome,F
Samanta,F
Samantha,F
Sandra,F
Sara,F
Saray,F
Sarita,F
Selena,F
Selma,F
Serafina,F
Serena,F
Severina,F
Sigrid,F
Silvana,F
Silvia,F
Simona,F
Sofia,F
Solange,F
Soledad,F
Sonia,F
Soraya,F
Stefania,F
Stephanie,F
Susana,F
Tabita,F
Tamara,F
Tania,F
Tatiana,F
Teodora,F
Teresa,F
Teresita,F
Tomasa,F
Trinidad,F
Ursula,F
Valentina,F
Valeria,F
Valery,F
Vanesa,F
Vanessa,F
Veronica,F
Vicenta,F
Victoria,F
Vilma,F
Violeta,F
Virginia,F
Vivian,F
Viviana,F
Wanda,F
Wendy,F
Ximena,F
Yamila,F
Yanina,F
Yara,F
Yasmin,F
Yasna,F
Yesenia,F
Yessica,F
Yolanda,F
Yvonne,F
Zaida,F
Zoe,F
Zoraida,F
Zulema,F
Amauta,M
Anderson,M
Andre,M
Angelo,M
Abimilec,M
Arie,M
Ariel,M
Baltazar,M
Borja,M
Branko,M
Brayan,M
Christian,M
Chrystian,M
Cristhian,M
Cristopher,M
Danilo,M
Denis,M
Dylan,M
Edgardo,M
Emil,M
Enmanuel,M
Ethan,M
Ezequias,M
Ezio,M
Freddy,M
Gianni,M
Gino,M
Giuliano,M
Heber,M
Herlon,M
Ivo,M
Jan,M
Jared,M
Jefferson,M
Jeremy,M
Jimmy,M
John,M
Jonah,M
Josias,M
Keibis,M
Kenneth,M
Keyner,M
Klaus,M
Leo,M
Luca,M
Lukas,M
Manfred,M
Marcel,M
Mathias,M
Matteo,M
Matthew,M
Max,M
Michael,M
Milton,M
Nikolas,M
Nurieldin,M
Onder,M
Pietro,M
Randolph,M
Richard,M
Robert,M
Robin,M
Robinson,M
Stefan,M
Stefano,M
Tarek,M
Thomas,M
Tulio,M
Vincent,M
Vittorio,M
Xabier,M
Yean,M
Ainara,F
Alexia,F
Almendra,F
Amaia,F
Anais,F
Anait,F
Anastasia,F
Angeles,F
Anyella,F
Aranka,F
Ariela,F
Augusta,F
Begoña,F
Berthy,F
Betzabeth,F
Beverly,F
Candela,F
Cathy,F
Colomba,F
Damary,F
Dayana,F
Denisse,F
Dominique,F
Elianyeli,F
Elieth,F
Elizabeth,F
Emily,F
Francesca,F
Francia,F
Franca,F
Francys,F
Gerardinne,F
Giannina,F
Gisell,F
Guadupe,F
Helen,F
Helenia,F
Ignacia,F
Inmaculada,F
Ingri,F
Irina,F
Isabella,F
Jael,F
Jazna,F
Jeannette,F
Jill,F
Jocelyn,F
Jomary,F
Julissa,F
Karin,F
Katalina,F
Katherina,F
Katerina,F
Katiuska,F
Kim,F
Lada,F
Lanys,F
Leslie,F
Liliangelica,F
Lissete,F
Lissette,F
Lucely,F
Mackarena,F
Madelyn,F
Marianela,F
Maricarmen,F
Marion,F
Mariapia,F
Maud,F
Maureen,F
Mary,F
Mijal,F
Millena,F
Nahir,F
Nailet,F
Nataly,F
Nattacha,F
Nevenka,F
Nicolette,F
Nicolle,F
Nina,F
Orietta,F
Paloma,F
Piamaria,F
Pola,F
Polett,F
Rachel,F
Rosella,F
Rossana,F
Roxanna,F
Samara,F
Scarlet,F
Sol,F
Sophie,F
Sophia,F
Stephany,F
Thalia,F
Tiare,F
Vaitiare,F
Valeri,F
Xaviera,F
Yaritza,F
Yennifer,F
Yerka,F
Yorka,F
Yulia,F
Yuliana,F
